{
    "means": [
        2.2681564245810057,
        6.955307262569832,
        21.209647899731298,
        39.80446927374302,
        2.7458100558659218
    ],
    "stds": [
        1.937758440676761,
        4.971225840585366,
        2.583799768403202,
        12.479739205613127,
        2.3003331766719715
    ]
}